{
  "model/models-dbg.js": 1677600577161,
  "controller/View1.controller.js": 1677600577173,
  "controller/MANAGE/manageUsers.controller.js": 1680911866346,
  "utils/locate-reuse-libs.js": 1677600577157,
  "model/models.js": 1677600577161,
  "manifest.json": 1680912298217,
  "controller/App.controller.js": 1677600685081,
  "Component.js": 1677600577149,
  "Component-preload.js": 1680912299422,
  "controller/MANAGE/manageUsers-dbg.controller.js": 1680911866346,
  "i18n/i18n.properties": 1677600607089,
  "utils/locate-reuse-libs-dbg.js": 1677600577157,
  "controller/View1-dbg.controller.js": 1677600577173,
  "controller/App-dbg.controller.js": 1677600685081,
  "Component-dbg.js": 1677600577149,
  "view/MANAGE/manageUsers.view.xml": 1680086929042,
  "view/View1.view.xml": 1677600577169,
  "view/App.view.xml": 1677600866626,
  "fragments/SortDialog.fragment.xml": 1679950502181,
  "fragments/PasswordHelpPopover.fragment.xml": 1680907774657,
  "fragments/BusyDialog.fragment.xml": 1679955663268,
  "css/style.css": 1680912279558,
  "index.html": 1677600577149
}