{
  "i18n/i18n.properties": 1681422503745,
  "controller/App.controller.js": 1681422503745,
  "controller/MANAGE/manageUsers.controller.js": 1681422503745,
  "utils/locate-reuse-libs.js": 1681422503745,
  "model/models.js": 1681422503745,
  "controller/View1.controller.js": 1681422503745,
  "manifest.json": 1691670470695,
  "Component.js": 1681422503741,
  "Component-preload.js": 1691670471172,
  "utils/locate-reuse-libs-dbg.js": 1681422503745,
  "controller/MANAGE/manageUsers-dbg.controller.js": 1681422503745,
  "model/models-dbg.js": 1681422503745,
  "controller/View1-dbg.controller.js": 1681422503745,
  "controller/App-dbg.controller.js": 1681422503745,
  "Component-dbg.js": 1681422503741,
  "view/MANAGE/manageUsers.view.xml": 1681422503745,
  "view/View1.view.xml": 1681422503745,
  "view/App.view.xml": 1681422503745,
  "css/style.css": 1681422503745,
  "fragments/SortDialog.fragment.xml": 1681422503745,
  "fragments/PasswordHelpPopover.fragment.xml": 1681422503745,
  "fragments/BusyDialog.fragment.xml": 1681422503745,
  "index.html": 1681422503745
}