{
  "welcomeFile": "/index.html",
  "authenticationMethod": "route",
  "routes": [
    {
      "source": "^/resources/(.*)$",
      "target": "/resources/$1",
      "authenticationType": "none",
      "destination": "ui5"
    },
    {
      "source": "^/test-resources/(.*)$",
      "target": "/test-resources/$1",
      "authenticationType": "none",
      "destination": "ui5"
    },
    {
      "source": "^/cis_brakesdev/(.*)$",
      "target": "$1",
      "destination": "cloud_identity_service",
      "csrfProtection": false
    },
    {
      "source": "^/reporting/(.*)$",
      "target": "$1",
      "destination": "usageapi_test",
      "csrfProtection": false
    },
    {
      "source": "^/scim_shadow_users/(.*)$",
      "target": "$1",
      "destination": "scim_shadow_users",
      "csrfProtection": false
    },
    {
      "source": "^/bsxorgappsservices/(.*)$",
      "target": "$1",
      "destination": "bsxorgappsservices",
      "csrfProtection": false
    },
    {
      "source": "^/bsxhanadb/(.*)$",
      "target": "$1",
      "destination": "bsxhanadb",
      "csrfProtection": false
    },
    {
      "source": "^/bsxcpeaexperience/(.*)$",
      "target": "$1",
      "destination": "bsxcpeaexperience",
      "csrfProtection": false
    },
    {
      "source": "^/user-api(.*)",
      "target": "$1",
      "service": "sap-approuter-userapi"
    },
    {
      "source": "^(.*)$",
      "target": "$1",
      "service": "html5-apps-repo-rt",
      "authenticationType": "xsuaa"
    }
  ]
}
